data,price,size,currency
2025-01-01,4.68,8075,USDPLN
2025-01-01,2.17,31883,GBPCHF
2025-01-01,2.32,20591,CHFPLN
2025-01-01,4.47,11916,PLNGBP
2025-01-01,3.31,94857,USDCHF
2025-01-02,3.45,67626,USDPLN
2025-01-02,3.46,39203,GBPCHF
2025-01-02,4.7,61249,CHFPLN
2025-01-02,3,69300,PLNGBP
2025-01-02,4.68,27724,USDCHF
2025-01-03,3.08,65055,USDPLN
2025-01-03,3.61,23491,GBPCHF
2025-01-03,2.11,40721,CHFPLN
2025-01-03,4.97,98261,PLNGBP
2025-01-03,2.75,74753,USDCHF
2025-01-04,3.98,71270,USDPLN
2025-01-04,3.03,83993,GBPCHF
2025-01-04,3.93,48716,CHFPLN
2025-01-04,3.19,98791,PLNGBP
2025-01-04,3.32,85298,USDCHF
2025-01-05,4.86,84387,USDPLN
2025-01-05,2.6,66681,GBPCHF
2025-01-05,3.95,59999,CHFPLN
2025-01-05,2.58,31238,PLNGBP
2025-01-05,4.41,88996,USDCHF
2025-01-06,2.89,63257,USDPLN
2025-01-06,3.26,98640,GBPCHF
2025-01-06,2.08,59187,CHFPLN
2025-01-06,4.89,32421,PLNGBP
2025-01-06,4.46,80941,USDCHF
2025-01-07,4.67,39214,USDPLN
2025-01-07,3.63,3879,GBPCHF
2025-01-07,3.4,64841,CHFPLN
2025-01-07,2.9,31566,PLNGBP
2025-01-07,3.34,97350,USDCHF
2025-01-08,2.38,95763,USDPLN
2025-01-08,2.12,1267,GBPCHF
2025-01-08,2.12,98568,CHFPLN
2025-01-08,4.03,56881,PLNGBP
2025-01-08,2.2,21269,USDCHF
2025-01-09,4.02,19436,USDPLN
2025-01-09,4.54,45799,GBPCHF
2025-01-09,4.52,33119,CHFPLN
2025-01-09,3.5,92765,PLNGBP
2025-01-09,2.48,84014,USDCHF
2025-01-10,4.6,69608,USDPLN
2025-01-10,3.24,73587,GBPCHF
2025-01-10,4.56,57701,CHFPLN
2025-01-10,3.39,94344,PLNGBP
2025-01-10,4.07,62141,USDCHF
2025-01-11,4.35,66125,USDPLN
2025-01-11,4.23,90896,GBPCHF
2025-01-11,3.21,63047,CHFPLN
2025-01-11,4.11,82969,PLNGBP
2025-01-11,4.7,45785,USDCHF
2025-01-12,3.53,1348,USDPLN
2025-01-12,3.48,50537,GBPCHF
2025-01-12,2.62,49815,CHFPLN
2025-01-12,3.46,18647,PLNGBP
2025-01-12,2.02,71204,USDCHF
2025-01-13,2.84,78231,USDPLN
2025-01-13,3.42,76186,GBPCHF
2025-01-13,4.98,33812,CHFPLN
2025-01-13,3.37,74754,PLNGBP
2025-01-13,2.95,19260,USDCHF
2025-01-14,3.96,85753,USDPLN
2025-01-14,2.9,13007,GBPCHF
2025-01-14,3.51,99625,CHFPLN
2025-01-14,3.31,28060,PLNGBP
2025-01-14,2.44,26536,USDCHF
2025-01-15,2.08,52464,USDPLN
2025-01-15,4.41,74189,GBPCHF
2025-01-15,2.43,12463,CHFPLN
2025-01-15,4.09,95310,PLNGBP
2025-01-15,4.18,70676,USDCHF
2025-01-16,2.33,80007,USDPLN
2025-01-16,2.22,62473,GBPCHF
2025-01-16,3.54,74411,CHFPLN
2025-01-16,2.5,79052,PLNGBP
2025-01-16,4.03,27461,USDCHF
2025-01-17,3.81,60679,USDPLN
2025-01-17,4.36,29691,GBPCHF
2025-01-17,3.64,97247,CHFPLN
2025-01-17,4.76,10720,PLNGBP
2025-01-17,2.26,53851,USDCHF
2025-01-18,2.14,66629,USDPLN
2025-01-18,4.62,51116,GBPCHF
2025-01-18,3.38,51521,CHFPLN
2025-01-18,3.7,15228,PLNGBP
2025-01-18,4.41,69724,USDCHF
2025-01-19,2.57,44908,USDPLN
2025-01-19,4.59,47251,GBPCHF
2025-01-19,4.74,27251,CHFPLN
2025-01-19,3.99,17143,PLNGBP
2025-01-19,3.92,5465,USDCHF
2025-01-20,4.13,40377,USDPLN
2025-01-20,3.28,16386,GBPCHF
2025-01-20,2.4,4679,CHFPLN
2025-01-20,2.84,17274,PLNGBP
2025-01-20,3.49,63453,USDCHF
2025-01-21,4.68,98334,USDPLN
2025-01-21,2.83,56265,GBPCHF
2025-01-21,3.98,8789,CHFPLN
2025-01-21,3.74,96947,PLNGBP
2025-01-21,3.58,52126,USDCHF
2025-01-22,2.8,86376,USDPLN
2025-01-22,2.3,29378,GBPCHF
2025-01-22,4.45,22865,CHFPLN
2025-01-22,3.41,35114,PLNGBP
2025-01-22,4.33,52221,USDCHF
2025-01-23,3.63,27921,USDPLN
2025-01-23,2.88,85420,GBPCHF
2025-01-23,4.09,50698,CHFPLN
2025-01-23,4.94,69322,PLNGBP
2025-01-23,2.05,27610,USDCHF
2025-01-24,3.31,89988,USDPLN
2025-01-24,2.82,31620,GBPCHF
2025-01-24,4.98,9681,CHFPLN
2025-01-24,4.66,95122,PLNGBP
2025-01-24,2.32,93784,USDCHF
2025-01-25,4.2,1427,USDPLN
2025-01-25,4.47,26772,GBPCHF
2025-01-25,4.61,33309,CHFPLN
2025-01-25,4.58,69150,PLNGBP
2025-01-25,2.88,7026,USDCHF
2025-01-26,2.88,73174,USDPLN
2025-01-26,4.6,80063,GBPCHF
2025-01-26,4.29,22583,CHFPLN
2025-01-26,3,1307,PLNGBP
2025-01-26,3.72,93440,USDCHF
2025-01-27,3.99,27580,USDPLN
2025-01-27,4.14,83836,GBPCHF
2025-01-27,3.39,6669,CHFPLN
2025-01-27,2.41,17462,PLNGBP
2025-01-27,2.3,95837,USDCHF
2025-01-28,2.35,2855,USDPLN
2025-01-28,3.9,57349,GBPCHF
2025-01-28,2.55,60799,CHFPLN
2025-01-28,4.37,76060,PLNGBP
2025-01-28,2.49,71787,USDCHF
2025-01-29,4.68,84240,USDPLN
2025-01-29,2.54,38410,GBPCHF
2025-01-29,3.25,68998,CHFPLN
2025-01-29,4.53,24939,PLNGBP
2025-01-29,4.85,4476,USDCHF
2025-01-30,4.66,89170,USDPLN
2025-01-30,2.94,55844,GBPCHF
2025-01-30,4.16,95984,CHFPLN
2025-01-30,3.93,90431,PLNGBP
2025-01-30,2.67,71856,USDCHF
2025-01-31,3.82,19467,USDPLN
2025-01-31,2.73,9869,GBPCHF
2025-01-31,4.76,67912,CHFPLN
2025-01-31,3.57,64364,PLNGBP
2025-01-31,2.63,95905,USDCHF
2025-02-01,2.17,44265,USDPLN
2025-02-01,4.93,21403,GBPCHF
2025-02-01,3.91,3139,CHFPLN
2025-02-01,4.91,38972,PLNGBP
2025-02-01,3.89,88179,USDCHF
2025-02-02,2.93,39445,USDPLN
2025-02-02,4.78,87856,GBPCHF
2025-02-02,2.22,58279,CHFPLN
2025-02-02,4.84,16503,PLNGBP
2025-02-02,3.49,18444,USDCHF
2025-02-03,2.13,14282,USDPLN
2025-02-03,4.69,71999,GBPCHF
2025-02-03,4.46,5313,CHFPLN
2025-02-03,4.82,53374,PLNGBP
2025-02-03,4.4,64360,USDCHF
2025-02-04,3.74,37912,USDPLN
2025-02-04,3.8,95970,GBPCHF
2025-02-04,2.53,95650,CHFPLN
2025-02-04,4.34,74596,PLNGBP
2025-02-04,4.99,79965,USDCHF
2025-02-05,4.49,42226,USDPLN
2025-02-05,2.06,74096,GBPCHF
2025-02-05,3.41,18548,CHFPLN
2025-02-05,4.41,68245,PLNGBP
2025-02-05,2.68,50221,USDCHF
2025-02-06,3.74,7684,USDPLN
2025-02-06,4.09,2423,GBPCHF
2025-02-06,2.21,57796,CHFPLN
2025-02-06,3.05,33326,PLNGBP
2025-02-06,2.41,55991,USDCHF
2025-02-07,4.75,73799,USDPLN
2025-02-07,4.18,6245,GBPCHF
2025-02-07,2.82,41155,CHFPLN
2025-02-07,2,21500,PLNGBP
2025-02-07,4.28,49918,USDCHF
2025-02-08,4.67,12739,USDPLN
2025-02-08,2.72,29622,GBPCHF
2025-02-08,2.64,87264,CHFPLN
2025-02-08,2.16,81949,PLNGBP
2025-02-08,2.9,26805,USDCHF
2025-02-09,2.4,34151,USDPLN
2025-02-09,2.26,90407,GBPCHF
2025-02-09,3.36,99625,CHFPLN
2025-02-09,3.13,83924,PLNGBP
2025-02-09,4.11,80527,USDCHF
2025-02-10,4.24,55578,USDPLN
2025-02-10,4.57,38159,GBPCHF
2025-02-10,2.12,17574,CHFPLN
2025-02-10,2.06,88870,PLNGBP
2025-02-10,3.88,19728,USDCHF
2025-02-11,2.13,55767,USDPLN
2025-02-11,3.55,27774,GBPCHF
2025-02-11,3.75,61834,CHFPLN
2025-02-11,4.8,9980,PLNGBP
2025-02-11,3.51,5770,USDCHF
2025-02-12,2.47,85437,USDPLN
2025-02-12,4.3,88470,GBPCHF
2025-02-12,3.29,29327,CHFPLN
2025-02-12,4.08,88480,PLNGBP
2025-02-12,2.47,15308,USDCHF
2025-02-13,4.8,46257,USDPLN
2025-02-13,2.83,30747,GBPCHF
2025-02-13,3.95,95846,CHFPLN
2025-02-13,3.46,24370,PLNGBP
2025-02-13,4.93,59002,USDCHF
2025-02-14,3.12,54938,USDPLN
2025-02-14,2.72,93670,GBPCHF
2025-02-14,3.81,52358,CHFPLN
2025-02-14,2.84,1636,PLNGBP
2025-02-14,3.89,29878,USDCHF
2025-02-15,2.32,55145,USDPLN
2025-02-15,4.68,33075,GBPCHF
2025-02-15,4.44,76417,CHFPLN
2025-02-15,3.96,10294,PLNGBP
2025-02-15,3.67,69033,USDCHF
2025-02-16,2.55,57831,USDPLN
2025-02-16,2.24,84343,GBPCHF
2025-02-16,3.78,6033,CHFPLN
2025-02-16,4.49,94675,PLNGBP
2025-02-16,3.69,42174,USDCHF
2025-02-17,3.74,59640,USDPLN
2025-02-17,3.15,75028,GBPCHF
2025-02-17,4.05,43154,CHFPLN
2025-02-17,4.65,65060,PLNGBP
2025-02-17,2.49,60193,USDCHF
2025-02-18,4.37,1824,USDPLN
2025-02-18,3.48,38122,GBPCHF
2025-02-18,3.47,57706,CHFPLN
2025-02-18,3.51,61531,PLNGBP
2025-02-18,4.17,38574,USDCHF
2025-02-19,2.72,83641,USDPLN
2025-02-19,2.42,78728,GBPCHF
2025-02-19,3.81,67868,CHFPLN
2025-02-19,4.73,69041,PLNGBP
2025-02-19,2.71,2598,USDCHF
2025-02-20,3.79,60920,USDPLN
2025-02-20,4.34,74001,GBPCHF
2025-02-20,2.62,31672,CHFPLN
2025-02-20,3.27,89322,PLNGBP
2025-02-20,2.23,98672,USDCHF
2025-02-21,4.98,15874,USDPLN
2025-02-21,4.3,27647,GBPCHF
2025-02-21,4.06,58637,CHFPLN
2025-02-21,4.78,14853,PLNGBP
2025-02-21,4.2,66020,USDCHF
2025-02-22,2.7,22916,USDPLN
2025-02-22,2.41,45674,GBPCHF
2025-02-22,4.59,77835,CHFPLN
2025-02-22,3.57,37062,PLNGBP
2025-02-22,3.67,40008,USDCHF
2025-02-23,4.08,71718,USDPLN
2025-02-23,3.4,95522,GBPCHF
2025-02-23,2.47,18327,CHFPLN
2025-02-23,3.71,74673,PLNGBP
2025-02-23,4.98,11515,USDCHF
2025-02-24,2.57,77773,USDPLN
2025-02-24,3.02,25792,GBPCHF
2025-02-24,2.3,90998,CHFPLN
2025-02-24,4.47,29703,PLNGBP
2025-02-24,3.75,45825,USDCHF
2025-02-25,3,99951,USDPLN
2025-02-25,4.99,50068,GBPCHF
2025-02-25,4.98,73136,CHFPLN
2025-02-25,2.04,74892,PLNGBP
2025-02-25,3.04,20976,USDCHF
2025-02-26,2.9,14470,USDPLN
2025-02-26,2.33,19019,GBPCHF
2025-02-26,4.19,85502,CHFPLN
2025-02-26,2.64,16925,PLNGBP
2025-02-26,2.5,1745,USDCHF
2025-02-27,2.02,46030,USDPLN
2025-02-27,2.31,12791,GBPCHF
2025-02-27,4.61,90190,CHFPLN
2025-02-27,4.21,64313,PLNGBP
2025-02-27,4.11,35992,USDCHF
2025-02-28,4.9,7893,USDPLN
2025-02-28,2.89,90499,GBPCHF
2025-02-28,4.43,44477,CHFPLN
2025-02-28,2.41,28205,PLNGBP
2025-02-28,4.97,83485,USDCHF
2025-03-01,2.83,85928,USDPLN
2025-03-01,2.65,16919,GBPCHF
2025-03-01,2.38,24934,CHFPLN
2025-03-01,3.47,47573,PLNGBP
2025-03-01,2.76,57274,USDCHF
2025-03-02,3.16,86911,USDPLN
2025-03-02,3.51,92536,GBPCHF
2025-03-02,4.78,14020,CHFPLN
2025-03-02,4.5,11405,PLNGBP
2025-03-02,3.36,58224,USDCHF
2025-03-03,2.99,6545,USDPLN
2025-03-03,2.03,15389,GBPCHF
2025-03-03,3.89,6251,CHFPLN
2025-03-03,2.54,85576,PLNGBP
2025-03-03,3.71,34698,USDCHF
2025-03-04,2.47,43551,USDPLN
2025-03-04,4.7,74518,GBPCHF
2025-03-04,4.86,99311,CHFPLN
2025-03-04,2.65,63656,PLNGBP
2025-03-04,2.65,8977,USDCHF
2025-03-05,3.29,80369,USDPLN
2025-03-05,4.13,25927,GBPCHF
2025-03-05,2.13,31343,CHFPLN
2025-03-05,3.24,4822,PLNGBP
2025-03-05,4.83,7410,USDCHF
2025-03-06,2.74,51314,USDPLN
2025-03-06,4.11,78312,GBPCHF
2025-03-06,3.88,77497,CHFPLN
2025-03-06,2.95,36442,PLNGBP
2025-03-06,4.98,41814,USDCHF
2025-03-07,2.51,4174,USDPLN
2025-03-07,4.61,62354,GBPCHF
2025-03-07,2.42,26735,CHFPLN
2025-03-07,2.35,39403,PLNGBP
2025-03-07,2.66,47762,USDCHF
2025-03-08,2.16,55937,USDPLN
2025-03-08,2.97,72675,GBPCHF
2025-03-08,4.12,89929,CHFPLN
2025-03-08,3.2,7886,PLNGBP
2025-03-08,4.84,26849,USDCHF
2025-03-09,4.87,80477,USDPLN
2025-03-09,2.45,11617,GBPCHF
2025-03-09,3.09,7853,CHFPLN
2025-03-09,4.66,19164,PLNGBP
2025-03-09,4.57,61314,USDCHF
2025-03-10,3.9,54148,USDPLN
2025-03-10,3.08,52573,GBPCHF
2025-03-10,4.26,12157,CHFPLN
2025-03-10,2.13,38861,PLNGBP
2025-03-10,2.1,55046,USDCHF
2025-03-11,3.91,28473,USDPLN
2025-03-11,3.91,60724,GBPCHF
2025-03-11,4.75,53537,CHFPLN
2025-03-11,4.18,64459,PLNGBP
2025-03-11,4.12,50485,USDCHF
2025-03-12,3.03,48653,USDPLN
2025-03-12,2.77,33423,GBPCHF
2025-03-12,4.21,95544,CHFPLN
2025-03-12,4.57,28593,PLNGBP
2025-03-12,4.96,51159,USDCHF
2025-03-13,3.65,11480,USDPLN
2025-03-13,3.99,40102,GBPCHF
2025-03-13,3.25,56862,CHFPLN
2025-03-13,2.2,74427,PLNGBP
2025-03-13,4.86,37831,USDCHF
2025-03-14,4.64,64527,USDPLN
2025-03-14,2.84,90523,GBPCHF
2025-03-14,3.6,98816,CHFPLN
2025-03-14,2.66,70948,PLNGBP
2025-03-14,4.51,66371,USDCHF
2025-03-15,3.61,62346,USDPLN
2025-03-15,3.75,30890,GBPCHF
2025-03-15,4.16,85321,CHFPLN
2025-03-15,2.39,45010,PLNGBP
2025-03-15,2.41,33615,USDCHF
2025-03-16,4.76,79200,USDPLN
2025-03-16,3.19,93286,GBPCHF
2025-03-16,3.27,11486,CHFPLN
2025-03-16,2.91,12667,PLNGBP
2025-03-16,4.27,32536,USDCHF
2025-03-17,2.76,44908,USDPLN
2025-03-17,2.85,55037,GBPCHF
2025-03-17,2.31,59283,CHFPLN
2025-03-17,4.97,9553,PLNGBP
2025-03-17,3.84,92480,USDCHF
2025-03-18,2.08,51349,USDPLN
2025-03-18,3.17,58317,GBPCHF
2025-03-18,2.81,87974,CHFPLN
2025-03-18,4.49,88882,PLNGBP
2025-03-18,4.75,67041,USDCHF
2025-03-19,3.26,99595,USDPLN
2025-03-19,2.29,5830,GBPCHF
2025-03-19,2.89,7318,CHFPLN
2025-03-19,3.94,98854,PLNGBP
2025-03-19,4.91,29199,USDCHF
2025-03-20,3.4,15556,USDPLN
2025-03-20,2.17,3817,GBPCHF
2025-03-20,3.56,83924,CHFPLN
2025-03-20,2.79,67573,PLNGBP
2025-03-20,3.27,52868,USDCHF
2025-03-21,2.75,15225,USDPLN
2025-03-21,4.72,81630,GBPCHF
2025-03-21,2.82,88317,CHFPLN
2025-03-21,2.39,34821,PLNGBP
2025-03-21,3.16,86614,USDCHF
2025-03-22,3.61,48785,USDPLN
2025-03-22,2.47,42050,GBPCHF
2025-03-22,2.67,61260,CHFPLN
2025-03-22,3.3,71474,PLNGBP
2025-03-22,2.39,41316,USDCHF
2025-03-23,3.42,18137,USDPLN
2025-03-23,3.78,65657,GBPCHF
2025-03-23,3.05,29898,CHFPLN
2025-03-23,4.47,84311,PLNGBP
2025-03-23,3.76,77721,USDCHF
2025-03-24,2.63,74826,USDPLN
2025-03-24,3.15,57036,GBPCHF
2025-03-24,4.94,67300,CHFPLN
2025-03-24,2.25,71367,PLNGBP
2025-03-24,4.73,48566,USDCHF
2025-03-25,2.77,42481,USDPLN
2025-03-25,2.2,85952,GBPCHF
2025-03-25,3.87,62441,CHFPLN
2025-03-25,3.07,24332,PLNGBP
2025-03-25,3.5,31840,USDCHF
2025-03-26,2.68,41568,USDPLN
2025-03-26,2.98,31358,GBPCHF
2025-03-26,2.24,82510,CHFPLN
2025-03-26,4.22,42155,PLNGBP
2025-03-26,2.06,6415,USDCHF
2025-03-27,2.3,31576,USDPLN
2025-03-27,4.88,64695,GBPCHF
2025-03-27,4.86,98149,CHFPLN
2025-03-27,2.37,68942,PLNGBP
2025-03-27,4.32,63923,USDCHF
2025-03-28,3.63,88044,USDPLN
2025-03-28,4.86,9115,GBPCHF
2025-03-28,4.16,2278,CHFPLN
2025-03-28,3.16,4093,PLNGBP
2025-03-28,4.38,35287,USDCHF
2025-03-29,4.67,15337,USDPLN
2025-03-29,2.82,24857,GBPCHF
2025-03-29,3.86,89025,CHFPLN
2025-03-29,4.89,65898,PLNGBP
2025-03-29,2.72,33417,USDCHF
2025-03-30,4.57,86664,USDPLN
2025-03-30,4.51,16506,GBPCHF
2025-03-30,2.37,72552,CHFPLN
2025-03-30,4.81,27787,PLNGBP
2025-03-30,2.94,20300,USDCHF
2025-03-31,4.49,67557,USDPLN
2025-03-31,3.82,99757,GBPCHF
2025-03-31,4.49,28816,CHFPLN
2025-03-31,4.63,68620,PLNGBP
2025-03-31,3.92,99584,USDCHF
2025-04-01,2.98,39452,USDPLN
2025-04-01,3.22,27738,GBPCHF
2025-04-01,2.16,27879,CHFPLN
2025-04-01,2.41,53747,PLNGBP
2025-04-01,4.72,34350,USDCHF
2025-04-02,3.68,5727,USDPLN
2025-04-02,2.13,30432,GBPCHF
2025-04-02,2.61,56603,CHFPLN
2025-04-02,2,2888,PLNGBP
2025-04-02,3.45,2186,USDCHF
2025-04-03,3.99,59313,USDPLN
2025-04-03,2.3,10749,GBPCHF
2025-04-03,3.14,59144,CHFPLN
2025-04-03,3.91,51293,PLNGBP
2025-04-03,2.83,92973,USDCHF
2025-04-04,2.07,21420,USDPLN
2025-04-04,2.38,42373,GBPCHF
2025-04-04,2.45,35040,CHFPLN
2025-04-04,2.49,20829,PLNGBP
2025-04-04,3.82,89175,USDCHF
2025-04-05,4.32,5598,USDPLN
2025-04-05,2.24,25078,GBPCHF
2025-04-05,3.78,32951,CHFPLN
2025-04-05,2.25,47213,PLNGBP
2025-04-05,3.52,4780,USDCHF
2025-04-06,2.84,96610,USDPLN
2025-04-06,2.63,6678,GBPCHF
2025-04-06,3.39,42636,CHFPLN
2025-04-06,3.72,46399,PLNGBP
2025-04-06,4.69,26051,USDCHF
2025-04-07,4.08,43789,USDPLN
2025-04-07,3.03,96344,GBPCHF
2025-04-07,4.03,79056,CHFPLN
2025-04-07,4.16,56419,PLNGBP
2025-04-07,2.27,88518,USDCHF
2025-04-08,2.82,58247,USDPLN
2025-04-08,2.27,66403,GBPCHF
2025-04-08,2.08,27603,CHFPLN
2025-04-08,3.54,60369,PLNGBP
2025-04-08,3.85,20290,USDCHF
2025-04-09,2.72,27578,USDPLN
2025-04-09,2.76,17931,GBPCHF
2025-04-09,4.22,99174,CHFPLN
2025-04-09,2.14,24946,PLNGBP
2025-04-09,4.44,73228,USDCHF
2025-04-10,2.25,8409,USDPLN
2025-04-10,2.52,75578,GBPCHF
2025-04-10,4.34,25499,CHFPLN
2025-04-10,4.18,4325,PLNGBP
2025-04-10,4.4,88897,USDCHF
2025-04-11,4.94,43337,USDPLN
2025-04-11,3.62,86069,GBPCHF
2025-04-11,4.11,5988,CHFPLN
2025-04-11,2.06,71581,PLNGBP
2025-04-11,2.98,62447,USDCHF
2025-04-12,3.75,74579,USDPLN
2025-04-12,4.86,88389,GBPCHF
2025-04-12,3.86,10137,CHFPLN
2025-04-12,3.77,49464,PLNGBP
2025-04-12,3.86,79135,USDCHF
2025-04-13,3.74,22496,USDPLN
2025-04-13,4.01,81678,GBPCHF
2025-04-13,4.07,64216,CHFPLN
2025-04-13,3.27,48922,PLNGBP
2025-04-13,4.83,93119,USDCHF
2025-04-14,2.92,29826,USDPLN
2025-04-14,3.52,93325,GBPCHF
2025-04-14,3.32,62565,CHFPLN
2025-04-14,4.71,30133,PLNGBP
2025-04-14,2.85,72249,USDCHF
2025-04-15,3.7,24774,USDPLN
2025-04-15,2.45,50025,GBPCHF
2025-04-15,2.47,15289,CHFPLN
2025-04-15,2.4,53201,PLNGBP
2025-04-15,3.09,33292,USDCHF
2025-04-16,2.88,32553,USDPLN
2025-04-16,2.29,94429,GBPCHF
2025-04-16,4.56,77906,CHFPLN
2025-04-16,4.16,4650,PLNGBP
2025-04-16,2.43,15890,USDCHF
2025-04-17,3.89,80673,USDPLN
2025-04-17,4.19,71955,GBPCHF
2025-04-17,3.67,29315,CHFPLN
2025-04-17,4.27,64552,PLNGBP
2025-04-17,3.32,79432,USDCHF
2025-04-18,4.52,17943,USDPLN
2025-04-18,4.86,39534,GBPCHF
2025-04-18,4.4,50165,CHFPLN
2025-04-18,3.2,15376,PLNGBP
2025-04-18,2.73,81236,USDCHF
2025-04-19,3.74,45536,USDPLN
2025-04-19,2.08,16685,GBPCHF
2025-04-19,2.96,14144,CHFPLN
2025-04-19,4.18,12348,PLNGBP
2025-04-19,4.28,90438,USDCHF
2025-04-20,4.22,72498,USDPLN
2025-04-20,2.93,41133,GBPCHF
2025-04-20,4.42,58845,CHFPLN
2025-04-20,4.29,14167,PLNGBP
2025-04-20,3.71,42719,USDCHF
2025-04-21,2.16,35128,USDPLN
2025-04-21,3.44,1763,GBPCHF
2025-04-21,2.44,88089,CHFPLN
2025-04-21,4.31,75239,PLNGBP
2025-04-21,4.44,40841,USDCHF
2025-04-22,4.21,46478,USDPLN
2025-04-22,3.23,71302,GBPCHF
2025-04-22,4.34,80403,CHFPLN
2025-04-22,2.22,68824,PLNGBP
2025-04-22,2.72,16268,USDCHF
2025-04-23,3.05,5353,USDPLN
2025-04-23,3.39,51170,GBPCHF
2025-04-23,2.31,41651,CHFPLN
2025-04-23,4.16,23339,PLNGBP
2025-04-23,3.72,95727,USDCHF
2025-04-24,3.82,50567,USDPLN
2025-04-24,2,7913,GBPCHF
2025-04-24,4.2,61286,CHFPLN
2025-04-24,2.22,5810,PLNGBP
2025-04-24,3.15,24502,USDCHF
2025-04-25,3.72,68977,USDPLN
2025-04-25,3.74,36335,GBPCHF
2025-04-25,2.76,4790,CHFPLN
2025-04-25,3.67,73265,PLNGBP
2025-04-25,4.39,13513,USDCHF
2025-04-26,2.91,23508,USDPLN
2025-04-26,3.4,81857,GBPCHF
2025-04-26,3.66,9694,CHFPLN
2025-04-26,4.13,62776,PLNGBP
2025-04-26,4.47,22075,USDCHF
2025-04-27,3,38324,USDPLN
2025-04-27,3.68,25027,GBPCHF
2025-04-27,4.27,24470,CHFPLN
2025-04-27,3.04,88079,PLNGBP
2025-04-27,4.41,4934,USDCHF
2025-04-28,3.37,56624,USDPLN
2025-04-28,3.1,26062,GBPCHF
2025-04-28,3.54,48461,CHFPLN
2025-04-28,3.85,85187,PLNGBP
2025-04-28,4.86,40691,USDCHF
2025-04-29,3.95,33709,USDPLN
2025-04-29,4.59,20717,GBPCHF
2025-04-29,3.62,37535,CHFPLN
2025-04-29,4.26,75850,PLNGBP
2025-04-29,4.39,92343,USDCHF
2025-04-30,4.09,10390,USDPLN
2025-04-30,3.98,76280,GBPCHF
2025-04-30,4.02,86779,CHFPLN
2025-04-30,2.86,12511,PLNGBP
2025-04-30,4.08,94001,USDCHF
2025-05-01,3.1,85263,USDPLN
2025-05-01,2.69,97679,GBPCHF
2025-05-01,4.18,17105,CHFPLN
2025-05-01,2.56,41090,PLNGBP
2025-05-01,4.61,8527,USDCHF
2025-05-02,2.33,35099,USDPLN
2025-05-02,2.77,40427,GBPCHF
2025-05-02,2.83,7021,CHFPLN
2025-05-02,4.71,68973,PLNGBP
2025-05-02,2.55,39297,USDCHF
2025-05-03,4.92,40206,USDPLN
2025-05-03,4.3,28069,GBPCHF
2025-05-03,3.85,12649,CHFPLN
2025-05-03,4.26,48456,PLNGBP
2025-05-03,3.57,81511,USDCHF
2025-05-04,2.46,80002,USDPLN
2025-05-04,4.79,40985,GBPCHF
2025-05-04,2.5,83882,CHFPLN
2025-05-04,2.64,26478,PLNGBP
2025-05-04,2.63,77309,USDCHF
2025-05-05,2.46,8635,USDPLN
2025-05-05,2.86,4967,GBPCHF
2025-05-05,3.29,42105,CHFPLN
2025-05-05,3.36,40945,PLNGBP
2025-05-05,3.3,98909,USDCHF
2025-05-06,4.61,39443,USDPLN
2025-05-06,4.34,98700,GBPCHF
2025-05-06,2.14,17296,CHFPLN
2025-05-06,4.32,64234,PLNGBP
2025-05-06,2.78,53763,USDCHF
2025-05-07,4.11,4655,USDPLN
2025-05-07,2.53,7348,GBPCHF
2025-05-07,3.05,36756,CHFPLN
2025-05-07,2.08,47223,PLNGBP
2025-05-07,3.89,37183,USDCHF
2025-05-08,2.29,75935,USDPLN
2025-05-08,2.27,44522,GBPCHF
2025-05-08,3.02,47773,CHFPLN
2025-05-08,2.36,38261,PLNGBP
2025-05-08,4.23,80115,USDCHF
2025-05-09,4.56,49490,USDPLN
2025-05-09,4.74,81817,GBPCHF
2025-05-09,4.99,83262,CHFPLN
2025-05-09,4.32,47465,PLNGBP
2025-05-09,2.68,18516,USDCHF
2025-05-10,3.67,8066,USDPLN
2025-05-10,2.74,83452,GBPCHF
2025-05-10,4.19,91367,CHFPLN
2025-05-10,3.43,8126,PLNGBP
2025-05-10,2.71,87404,USDCHF
2025-05-11,4.24,32731,USDPLN
2025-05-11,4.2,89046,GBPCHF
2025-05-11,4.42,46163,CHFPLN
2025-05-11,4.23,98174,PLNGBP
2025-05-11,2.73,10265,USDCHF
2025-05-12,4.73,62275,USDPLN
2025-05-12,3.95,48200,GBPCHF
2025-05-12,2.71,74661,CHFPLN
2025-05-12,3.3,19076,PLNGBP
2025-05-12,4.33,58360,USDCHF
2025-05-13,2.58,97356,USDPLN
2025-05-13,3.61,80050,GBPCHF
2025-05-13,3.79,57369,CHFPLN
2025-05-13,2.5,83895,PLNGBP
2025-05-13,2.73,68370,USDCHF
2025-05-14,4.8,53160,USDPLN
2025-05-14,4.99,12767,GBPCHF
2025-05-14,4.11,74510,CHFPLN
2025-05-14,3.41,12392,PLNGBP
2025-05-14,3.77,4224,USDCHF
2025-05-15,2.95,28925,USDPLN
2025-05-15,2.41,69026,GBPCHF
2025-05-15,2.53,67582,CHFPLN
2025-05-15,3.74,20852,PLNGBP
2025-05-15,2.26,35015,USDCHF
2025-05-16,4.05,42974,USDPLN
2025-05-16,4.32,47778,GBPCHF
2025-05-16,2.23,75536,CHFPLN
2025-05-16,3.66,74392,PLNGBP
2025-05-16,3.87,50320,USDCHF
2025-05-17,3.5,12501,USDPLN
2025-05-17,4.85,69858,GBPCHF
2025-05-17,3.83,31327,CHFPLN
2025-05-17,2.91,38568,PLNGBP
2025-05-17,4.4,32881,USDCHF
2025-05-18,4.41,36102,USDPLN
2025-05-18,2.3,78716,GBPCHF
2025-05-18,3.33,32721,CHFPLN
2025-05-18,2.51,32713,PLNGBP
2025-05-18,4.3,25152,USDCHF
2025-05-19,3.35,64433,USDPLN
2025-05-19,4.04,32118,GBPCHF
2025-05-19,3.29,43898,CHFPLN
2025-05-19,2.42,37366,PLNGBP
2025-05-19,2.8,27214,USDCHF
2025-05-20,3.66,69324,USDPLN
2025-05-20,2.44,54501,GBPCHF
2025-05-20,2.07,48440,CHFPLN
2025-05-20,3.36,1614,PLNGBP
2025-05-20,2,55982,USDCHF
2025-05-21,3.25,18032,USDPLN
2025-05-21,2.34,80229,GBPCHF
2025-05-21,4.89,64318,CHFPLN
2025-05-21,2.17,58582,PLNGBP
2025-05-21,2.57,40911,USDCHF
2025-05-22,3.97,4282,USDPLN
2025-05-22,4.28,55053,GBPCHF
2025-05-22,3.33,83798,CHFPLN
2025-05-22,3.74,25670,PLNGBP
2025-05-22,2.7,59341,USDCHF
2025-05-23,4.4,62447,USDPLN
2025-05-23,3.78,77487,GBPCHF
2025-05-23,3.69,69125,CHFPLN
2025-05-23,2.9,75448,PLNGBP
2025-05-23,4.07,42407,USDCHF
2025-05-24,2.04,49892,USDPLN
2025-05-24,4.88,57272,GBPCHF
2025-05-24,3.6,51548,CHFPLN
2025-05-24,4.34,91603,PLNGBP
2025-05-24,4.02,69032,USDCHF
2025-05-25,3.57,43725,USDPLN
2025-05-25,2.28,94926,GBPCHF
2025-05-25,4.3,66061,CHFPLN
2025-05-25,2.3,49917,PLNGBP
2025-05-25,3.41,48709,USDCHF
2025-05-26,2.43,5255,USDPLN
2025-05-26,4.77,60670,GBPCHF
2025-05-26,3.1,19078,CHFPLN
2025-05-26,3.69,96883,PLNGBP
2025-05-26,3.71,74941,USDCHF
2025-05-27,4.48,24680,USDPLN
2025-05-27,4.54,10374,GBPCHF
2025-05-27,2.11,49840,CHFPLN
2025-05-27,3.75,23670,PLNGBP
2025-05-27,2.32,47278,USDCHF
2025-05-28,3.41,48666,USDPLN
2025-05-28,2.72,69934,GBPCHF
2025-05-28,3.19,33004,CHFPLN
2025-05-28,4.14,78029,PLNGBP
2025-05-28,3.92,93212,USDCHF
2025-05-29,2.14,66319,USDPLN
2025-05-29,3.59,34486,GBPCHF
2025-05-29,3.89,97884,CHFPLN
2025-05-29,4.44,9237,PLNGBP
2025-05-29,4.19,33178,USDCHF
2025-05-30,4.01,20301,USDPLN
2025-05-30,3.71,30415,GBPCHF
2025-05-30,2.24,76493,CHFPLN
2025-05-30,2.27,8774,PLNGBP
2025-05-30,4.04,95286,USDCHF
2025-05-31,4.41,96415,USDPLN
2025-05-31,3.89,63094,GBPCHF
2025-05-31,4.62,8589,CHFPLN
2025-05-31,3.42,83692,PLNGBP
2025-05-31,4.15,12866,USDCHF
2025-06-01,2.41,77424,USDPLN
2025-06-01,3.12,95238,GBPCHF
2025-06-01,4.54,91756,CHFPLN
2025-06-01,3.3,66547,PLNGBP
2025-06-01,4.73,9319,USDCHF
2025-06-02,2.04,20133,USDPLN
2025-06-02,2.67,12521,GBPCHF
2025-06-02,2.82,93887,CHFPLN
2025-06-02,3.5,15732,PLNGBP
2025-06-02,4.57,91392,USDCHF
2025-06-03,3.58,47858,USDPLN
2025-06-03,4.2,14068,GBPCHF
2025-06-03,4.33,94702,CHFPLN
2025-06-03,2.88,6093,PLNGBP
2025-06-03,3.42,63408,USDCHF
2025-06-04,2.3,59358,USDPLN
2025-06-04,3.82,27844,GBPCHF
2025-06-04,3.83,9841,CHFPLN
2025-06-04,3.2,90501,PLNGBP
2025-06-04,3.52,15476,USDCHF
2025-06-05,4.15,4446,USDPLN
2025-06-05,4.24,35920,GBPCHF
2025-06-05,3.21,6170,CHFPLN
2025-06-05,3.22,9471,PLNGBP
2025-06-05,3.99,36798,USDCHF
2025-06-06,4.33,92307,USDPLN
2025-06-06,2.66,90560,GBPCHF
2025-06-06,3.37,99086,CHFPLN
2025-06-06,4.42,81294,PLNGBP
2025-06-06,2.98,36532,USDCHF
2025-06-07,2.43,80765,USDPLN
2025-06-07,3.67,83607,GBPCHF
2025-06-07,4.46,70641,CHFPLN
2025-06-07,3.49,52415,PLNGBP
2025-06-07,3.78,48761,USDCHF
2025-06-08,3.4,11873,USDPLN
2025-06-08,4.24,38898,GBPCHF
2025-06-08,3.47,76370,CHFPLN
2025-06-08,2.35,10673,PLNGBP
2025-06-08,4.74,84312,USDCHF
2025-06-09,3.01,36828,USDPLN
2025-06-09,2.28,19986,GBPCHF
2025-06-09,3.3,97174,CHFPLN
2025-06-09,3.82,81237,PLNGBP
2025-06-09,3.24,47197,USDCHF
2025-06-10,2.35,42047,USDPLN
2025-06-10,4.58,6824,GBPCHF
2025-06-10,4.78,84295,CHFPLN
2025-06-10,4.47,57993,PLNGBP
2025-06-10,3.58,15389,USDCHF
2025-06-11,4.03,16777,USDPLN
2025-06-11,3.43,89000,GBPCHF
2025-06-11,4.24,62481,CHFPLN
2025-06-11,2.34,35887,PLNGBP
2025-06-11,3.28,83470,USDCHF
2025-06-12,2.05,14646,USDPLN
2025-06-12,4.82,4723,GBPCHF
2025-06-12,2.55,83494,CHFPLN
2025-06-12,2.93,48505,PLNGBP
2025-06-12,3.79,7999,USDCHF
2025-06-13,3.37,36589,USDPLN
2025-06-13,3.82,69583,GBPCHF
2025-06-13,3.68,3143,CHFPLN
2025-06-13,2.01,40669,PLNGBP
2025-06-13,3.95,94404,USDCHF
2025-06-14,4.83,23351,USDPLN
2025-06-14,4.74,1150,GBPCHF
2025-06-14,2.98,20163,CHFPLN
2025-06-14,4.81,84609,PLNGBP
2025-06-14,3.78,65095,USDCHF
2025-06-15,3.3,20219,USDPLN
2025-06-15,4.13,61596,GBPCHF
2025-06-15,3.37,84166,CHFPLN
2025-06-15,4.27,97867,PLNGBP
2025-06-15,4.88,92098,USDCHF
2025-06-16,3.27,88164,USDPLN
2025-06-16,4,38060,GBPCHF
2025-06-16,3.39,12986,CHFPLN
2025-06-16,3.38,22285,PLNGBP
2025-06-16,3.32,76372,USDCHF
2025-06-17,3.27,82261,USDPLN
2025-06-17,3.42,12307,GBPCHF
2025-06-17,3.38,63295,CHFPLN
2025-06-17,3.83,68992,PLNGBP
2025-06-17,3.69,54846,USDCHF
2025-06-18,3.43,83306,USDPLN
2025-06-18,3.11,16973,GBPCHF
2025-06-18,3.7,13174,CHFPLN
2025-06-18,3.16,50539,PLNGBP
2025-06-18,4.62,23527,USDCHF
2025-06-19,2.54,29374,USDPLN
2025-06-19,3.22,82675,GBPCHF
2025-06-19,4.84,53640,CHFPLN
2025-06-19,3.81,16409,PLNGBP
2025-06-19,3.71,94642,USDCHF
2025-06-20,3.58,46735,USDPLN
2025-06-20,2.82,40350,GBPCHF
2025-06-20,2.88,83759,CHFPLN
2025-06-20,2.74,35538,PLNGBP
2025-06-20,4.62,23176,USDCHF
2025-06-21,3.28,74770,USDPLN
2025-06-21,3.01,48429,GBPCHF
2025-06-21,2.28,70538,CHFPLN
2025-06-21,3.57,96181,PLNGBP
2025-06-21,2.7,17987,USDCHF
2025-06-22,4.47,49702,USDPLN
2025-06-22,4.73,97665,GBPCHF
2025-06-22,4.49,3576,CHFPLN
2025-06-22,4.72,60043,PLNGBP
2025-06-22,2.08,17474,USDCHF
2025-06-23,4.11,59687,USDPLN
2025-06-23,3.02,79774,GBPCHF
2025-06-23,2.5,78470,CHFPLN
2025-06-23,2.27,55164,PLNGBP
2025-06-23,2.35,1648,USDCHF
2025-06-24,4.83,78359,USDPLN
2025-06-24,4.71,85322,GBPCHF
2025-06-24,2.92,64191,CHFPLN
2025-06-24,2.51,10197,PLNGBP
2025-06-24,2.35,85956,USDCHF
2025-06-25,3.2,60038,USDPLN
2025-06-25,2.54,89629,GBPCHF
2025-06-25,2.43,61903,CHFPLN
2025-06-25,4.98,59815,PLNGBP
2025-06-25,4.64,19486,USDCHF
2025-06-26,4.98,38882,USDPLN
2025-06-26,2.79,34588,GBPCHF
2025-06-26,2.18,93167,CHFPLN
2025-06-26,3.73,37921,PLNGBP
2025-06-26,3.24,87588,USDCHF
2025-06-27,3.29,21656,USDPLN
2025-06-27,2.74,29054,GBPCHF
2025-06-27,3.47,23793,CHFPLN
2025-06-27,4.46,27345,PLNGBP
2025-06-27,4.12,64875,USDCHF
2025-06-28,4.01,70337,USDPLN
2025-06-28,2.1,16960,GBPCHF
2025-06-28,3.89,27463,CHFPLN
2025-06-28,3.95,94983,PLNGBP
2025-06-28,3.55,87036,USDCHF
2025-06-29,4.49,98134,USDPLN
2025-06-29,4.83,60576,GBPCHF
2025-06-29,4.06,12110,CHFPLN
2025-06-29,4.96,47027,PLNGBP
2025-06-29,2.46,49475,USDCHF
2025-06-30,3.12,82873,USDPLN
2025-06-30,2.81,20282,GBPCHF
2025-06-30,2.02,68367,CHFPLN
2025-06-30,4.56,43998,PLNGBP
2025-06-30,2.07,68015,USDCHF
2025-07-01,2.66,92730,USDPLN
2025-07-01,3.54,92958,GBPCHF
2025-07-01,3.2,74978,CHFPLN
2025-07-01,3.2,51809,PLNGBP
2025-07-01,3.57,75974,USDCHF
2025-07-02,3.11,95179,USDPLN
2025-07-02,3.66,71416,GBPCHF
2025-07-02,4.01,96163,CHFPLN
2025-07-02,3.6,87444,PLNGBP
2025-07-02,4.9,45425,USDCHF
2025-07-03,4.54,27377,USDPLN
2025-07-03,2.35,28932,GBPCHF
2025-07-03,4.62,66061,CHFPLN
2025-07-03,3.8,43887,PLNGBP
2025-07-03,2.67,36325,USDCHF
2025-07-04,3.96,32507,USDPLN
2025-07-04,3.86,53694,GBPCHF
2025-07-04,2.12,64661,CHFPLN
2025-07-04,3.41,82048,PLNGBP
2025-07-04,4.84,51125,USDCHF
2025-07-05,2.36,21148,USDPLN
2025-07-05,3.61,2543,GBPCHF
2025-07-05,2.36,58806,CHFPLN
2025-07-05,3.52,59887,PLNGBP
2025-07-05,4.35,69148,USDCHF
2025-07-06,2.24,43862,USDPLN
2025-07-06,3.55,93461,GBPCHF
2025-07-06,2.71,89588,CHFPLN
2025-07-06,2.07,90515,PLNGBP
2025-07-06,2.48,78047,USDCHF
2025-07-07,2.77,46290,USDPLN
2025-07-07,3.88,21857,GBPCHF
2025-07-07,2.37,49231,CHFPLN
2025-07-07,4.21,74872,PLNGBP
2025-07-07,3.62,50343,USDCHF
2025-07-08,4.44,33417,USDPLN
2025-07-08,4.35,98608,GBPCHF
2025-07-08,4.87,3915,CHFPLN
2025-07-08,2.18,51009,PLNGBP
2025-07-08,2.95,26840,USDCHF
2025-07-09,4.09,91279,USDPLN
2025-07-09,3.13,5883,GBPCHF
2025-07-09,2.98,93168,CHFPLN
2025-07-09,2.32,14730,PLNGBP
2025-07-09,4.17,83199,USDCHF
2025-07-10,2.48,86328,USDPLN
2025-07-10,2.74,15673,GBPCHF
2025-07-10,2.61,75892,CHFPLN
2025-07-10,4.98,51046,PLNGBP
2025-07-10,3.59,41065,USDCHF
2025-07-11,4.87,88897,USDPLN
2025-07-11,4.65,58277,GBPCHF
2025-07-11,2.06,17419,CHFPLN
2025-07-11,2.19,55893,PLNGBP
2025-07-11,4.03,70364,USDCHF
2025-07-12,3.55,8899,USDPLN
2025-07-12,2.81,71649,GBPCHF
2025-07-12,4.47,34983,CHFPLN
2025-07-12,3.85,44573,PLNGBP
2025-07-12,2.28,58848,USDCHF
2025-07-13,3.69,20392,USDPLN
2025-07-13,3.96,88786,GBPCHF
2025-07-13,3.6,81366,CHFPLN
2025-07-13,4.92,84519,PLNGBP
2025-07-13,2.43,16769,USDCHF
2025-07-14,4.28,77059,USDPLN
2025-07-14,4.34,85827,GBPCHF
2025-07-14,4.38,97698,CHFPLN
2025-07-14,3.31,65210,PLNGBP
2025-07-14,4.91,62198,USDCHF
2025-07-15,4.61,48256,USDPLN
2025-07-15,4.02,97224,GBPCHF
2025-07-15,4,60571,CHFPLN
2025-07-15,2.22,53393,PLNGBP
2025-07-15,4.86,91759,USDCHF
2025-07-16,3.85,58071,USDPLN
2025-07-16,4.43,84357,GBPCHF
2025-07-16,3.47,61491,CHFPLN
2025-07-16,2.97,94326,PLNGBP
2025-07-16,4.36,1326,USDCHF
2025-07-17,4.41,61193,USDPLN
2025-07-17,2.32,39888,GBPCHF
2025-07-17,2.24,9847,CHFPLN
2025-07-17,4.69,5201,PLNGBP
2025-07-17,3.23,29897,USDCHF
2025-07-18,4.22,69075,USDPLN
2025-07-18,3.47,32345,GBPCHF
2025-07-18,2.94,12273,CHFPLN
2025-07-18,3.67,24153,PLNGBP
2025-07-18,4.12,14672,USDCHF
2025-07-19,2.67,15679,USDPLN
2025-07-19,2.89,51139,GBPCHF
2025-07-19,3.65,10775,CHFPLN
2025-07-19,3.42,14036,PLNGBP
2025-07-19,4.76,48013,USDCHF
2025-07-20,3.69,23064,USDPLN
2025-07-20,4.36,80469,GBPCHF
2025-07-20,4.78,58778,CHFPLN
2025-07-20,2.51,30509,PLNGBP
2025-07-20,3.83,75125,USDCHF
2025-07-21,4.49,77217,USDPLN
2025-07-21,4.29,8573,GBPCHF
2025-07-21,3.49,12494,CHFPLN
2025-07-21,4.7,63464,PLNGBP
2025-07-21,4.85,86076,USDCHF
2025-07-22,4.44,6444,USDPLN
2025-07-22,4.26,22047,GBPCHF
2025-07-22,3.27,87724,CHFPLN
2025-07-22,4.51,44588,PLNGBP
2025-07-22,4.5,4891,USDCHF
2025-07-23,2.84,2164,USDPLN
2025-07-23,4.12,63930,GBPCHF
2025-07-23,2.29,82631,CHFPLN
2025-07-23,2.17,19820,PLNGBP
2025-07-23,2.62,21391,USDCHF
2025-07-24,4.85,24088,USDPLN
2025-07-24,3.01,98177,GBPCHF
2025-07-24,4.69,29290,CHFPLN
2025-07-24,4.17,16305,PLNGBP
2025-07-24,2.79,14066,USDCHF
2025-07-25,4.13,34465,USDPLN
2025-07-25,4.74,46063,GBPCHF
2025-07-25,2.63,7501,CHFPLN
2025-07-25,4.12,72113,PLNGBP
2025-07-25,2.48,55737,USDCHF
2025-07-26,3.26,80750,USDPLN
2025-07-26,3.39,81026,GBPCHF
2025-07-26,2.1,57160,CHFPLN
2025-07-26,3.18,57715,PLNGBP
2025-07-26,2.2,32152,USDCHF
2025-07-27,3.63,92097,USDPLN
2025-07-27,4.76,68116,GBPCHF
2025-07-27,2.83,75952,CHFPLN
2025-07-27,2.35,78874,PLNGBP
2025-07-27,4.73,51618,USDCHF
2025-07-28,4.01,28406,USDPLN
2025-07-28,2.79,97675,GBPCHF
2025-07-28,3.9,46655,CHFPLN
2025-07-28,2.62,43648,PLNGBP
2025-07-28,4.61,64025,USDCHF
2025-07-29,4.87,37498,USDPLN
2025-07-29,3.47,49446,GBPCHF
2025-07-29,2.1,82544,CHFPLN
2025-07-29,4.43,62050,PLNGBP
2025-07-29,4.2,5415,USDCHF
2025-07-30,4.55,58475,USDPLN
2025-07-30,4.11,12113,GBPCHF
2025-07-30,4.62,37105,CHFPLN
2025-07-30,3.31,68964,PLNGBP
2025-07-30,2.25,2946,USDCHF
2025-07-31,2.76,98979,USDPLN
2025-07-31,4.89,21654,GBPCHF
2025-07-31,2.01,66204,CHFPLN
2025-07-31,2.6,47708,PLNGBP
2025-07-31,2.36,65392,USDCHF
2025-08-01,3.08,65668,USDPLN
2025-08-01,2.83,90042,GBPCHF
2025-08-01,4.08,26460,CHFPLN
2025-08-01,3.53,59744,PLNGBP
2025-08-01,2.23,42168,USDCHF
2025-08-02,2.36,25582,USDPLN
2025-08-02,3.93,54771,GBPCHF
2025-08-02,2.13,51272,CHFPLN
2025-08-02,4.75,42039,PLNGBP
2025-08-02,2.52,43519,USDCHF
2025-08-03,2.68,30224,USDPLN
2025-08-03,4.81,52742,GBPCHF
2025-08-03,4.45,98466,CHFPLN
2025-08-03,2.67,70027,PLNGBP
2025-08-03,3.41,62278,USDCHF
2025-08-04,3.93,51500,USDPLN
2025-08-04,3.26,99046,GBPCHF
2025-08-04,2.3,89462,CHFPLN
2025-08-04,3.52,63273,PLNGBP
2025-08-04,4.3,25834,USDCHF
2025-08-05,4.99,2864,USDPLN
2025-08-05,3.21,70925,GBPCHF
2025-08-05,2.23,98168,CHFPLN
2025-08-05,2.03,66973,PLNGBP
2025-08-05,3.16,76904,USDCHF
2025-08-06,2.06,44128,USDPLN
2025-08-06,2.77,33927,GBPCHF
2025-08-06,2.71,56797,CHFPLN
2025-08-06,3.91,16843,PLNGBP
2025-08-06,4.89,89479,USDCHF
2025-08-07,3.11,30069,USDPLN
2025-08-07,4.52,82674,GBPCHF
2025-08-07,3.47,37432,CHFPLN
2025-08-07,3.51,28216,PLNGBP
2025-08-07,2.24,17406,USDCHF
2025-08-08,4.94,11259,USDPLN
2025-08-08,3.08,50697,GBPCHF
2025-08-08,2.3,60306,CHFPLN
2025-08-08,4.45,72281,PLNGBP
2025-08-08,4.57,77017,USDCHF
2025-08-09,2.39,6060,USDPLN
2025-08-09,4.33,16453,GBPCHF
2025-08-09,2.77,37742,CHFPLN
2025-08-09,4.52,37468,PLNGBP
2025-08-09,3.36,26515,USDCHF
2025-08-10,3.21,4728,USDPLN
2025-08-10,4.32,3144,GBPCHF
2025-08-10,2.88,58856,CHFPLN
2025-08-10,2.4,42548,PLNGBP
2025-08-10,4.41,49594,USDCHF
2025-08-11,2.85,60955,USDPLN
2025-08-11,3.77,23034,GBPCHF
2025-08-11,3.55,71131,CHFPLN
2025-08-11,3.9,10620,PLNGBP
2025-08-11,2.47,81686,USDCHF
2025-08-12,4.79,73882,USDPLN
2025-08-12,2.82,47049,GBPCHF
2025-08-12,2.57,51225,CHFPLN
2025-08-12,4.25,60063,PLNGBP
2025-08-12,4.68,23802,USDCHF
2025-08-13,4.61,1254,USDPLN
2025-08-13,3.24,57279,GBPCHF
2025-08-13,2.83,98653,CHFPLN
2025-08-13,2.32,94937,PLNGBP
2025-08-13,2.73,47021,USDCHF
2025-08-14,2.54,77296,USDPLN
2025-08-14,2.82,34760,GBPCHF
2025-08-14,2.67,34163,CHFPLN
2025-08-14,4.9,39932,PLNGBP
2025-08-14,2.03,11918,USDCHF
2025-08-15,2.04,58765,USDPLN
2025-08-15,3.78,45358,GBPCHF
2025-08-15,4.1,35777,CHFPLN
2025-08-15,4.63,82791,PLNGBP
2025-08-15,3.68,9304,USDCHF
2025-08-16,4.61,65980,USDPLN
2025-08-16,4.87,87824,GBPCHF
2025-08-16,3.68,79391,CHFPLN
2025-08-16,2.77,54767,PLNGBP
2025-08-16,3.71,40418,USDCHF
2025-08-17,2.76,47031,USDPLN
2025-08-17,2.44,8042,GBPCHF
2025-08-17,2.1,27601,CHFPLN
2025-08-17,3.43,14918,PLNGBP
2025-08-17,3.08,92150,USDCHF
2025-08-18,4.57,87254,USDPLN
2025-08-18,4.72,32195,GBPCHF
2025-08-18,2.48,69778,CHFPLN
2025-08-18,2.62,26338,PLNGBP
2025-08-18,3.29,30283,USDCHF
2025-08-19,4.79,61447,USDPLN
2025-08-19,2.22,26370,GBPCHF
2025-08-19,4.83,88290,CHFPLN
2025-08-19,4.68,67904,PLNGBP
2025-08-19,4.7,45711,USDCHF
2025-08-20,4.13,31744,USDPLN
2025-08-20,4.5,19296,GBPCHF
2025-08-20,2.94,84580,CHFPLN
2025-08-20,3.77,1609,PLNGBP
2025-08-20,2.99,23444,USDCHF
2025-08-21,3.91,29263,USDPLN
2025-08-21,4.25,28538,GBPCHF
2025-08-21,4.77,94691,CHFPLN
2025-08-21,3.63,80076,PLNGBP
2025-08-21,3.81,83198,USDCHF
2025-08-22,4.14,42085,USDPLN
2025-08-22,2.07,27352,GBPCHF
2025-08-22,2.6,21831,CHFPLN
2025-08-22,3.36,3089,PLNGBP
2025-08-22,3.75,62709,USDCHF
2025-08-23,4.44,59445,USDPLN
2025-08-23,4.66,44076,GBPCHF
2025-08-23,4.92,94172,CHFPLN
2025-08-23,2.58,42591,PLNGBP
2025-08-23,3.02,94398,USDCHF
2025-08-24,3.86,46951,USDPLN
2025-08-24,3.79,62332,GBPCHF
2025-08-24,4.99,35700,CHFPLN
2025-08-24,2.04,59765,PLNGBP
2025-08-24,4.6,95026,USDCHF
2025-08-25,3.78,17940,USDPLN
2025-08-25,2.12,38244,GBPCHF
2025-08-25,4.66,40184,CHFPLN
2025-08-25,4.64,24797,PLNGBP
2025-08-25,2.82,80002,USDCHF
2025-08-26,4.5,43408,USDPLN
2025-08-26,4.09,84231,GBPCHF
2025-08-26,4.28,19747,CHFPLN
2025-08-26,3.07,6996,PLNGBP
2025-08-26,4.11,61893,USDCHF
2025-08-27,2.35,27519,USDPLN
2025-08-27,3.14,19467,GBPCHF
2025-08-27,3.82,89175,CHFPLN
2025-08-27,3.96,70760,PLNGBP
2025-08-27,4.95,82994,USDCHF
2025-08-28,3.32,88976,USDPLN
2025-08-28,4.73,27152,GBPCHF
2025-08-28,4.15,63611,CHFPLN
2025-08-28,3.34,49126,PLNGBP
2025-08-28,4.83,31348,USDCHF
2025-08-29,3.5,35658,USDPLN
2025-08-29,3.18,16151,GBPCHF
2025-08-29,4.25,33223,CHFPLN
2025-08-29,3.59,25561,PLNGBP
2025-08-29,3.41,1994,USDCHF
2025-08-30,4.83,73954,USDPLN
2025-08-30,3.17,93977,GBPCHF
2025-08-30,2.08,61741,CHFPLN
2025-08-30,2.89,9448,PLNGBP
2025-08-30,2.44,76904,USDCHF
2025-08-31,3.4,14255,USDPLN
2025-08-31,2.3,88592,GBPCHF
2025-08-31,2.69,7456,CHFPLN
2025-08-31,4.64,19730,PLNGBP
2025-08-31,3.55,91125,USDCHF
2025-09-01,2.59,43536,USDPLN
2025-09-01,4.7,56794,GBPCHF
2025-09-01,3.37,58916,CHFPLN
2025-09-01,3.95,17651,PLNGBP
2025-09-01,3.05,26037,USDCHF
2025-09-02,2.45,40755,USDPLN
2025-09-02,4.43,16519,GBPCHF
2025-09-02,3.66,39487,CHFPLN
2025-09-02,2.31,55742,PLNGBP
2025-09-02,2.37,33810,USDCHF
2025-09-03,2.45,51139,USDPLN
2025-09-03,2.16,15755,GBPCHF
2025-09-03,4.08,51406,CHFPLN
2025-09-03,2.46,73660,PLNGBP
2025-09-03,3.62,79334,USDCHF
2025-09-04,3.98,88749,USDPLN
2025-09-04,2.48,3379,GBPCHF
2025-09-04,4.6,99629,CHFPLN
2025-09-04,4.38,84485,PLNGBP
2025-09-04,3.7,65145,USDCHF
2025-09-05,3.08,2681,USDPLN
2025-09-05,3.15,21561,GBPCHF
2025-09-05,2.54,95415,CHFPLN
2025-09-05,2.66,39059,PLNGBP
2025-09-05,2.37,97655,USDCHF
2025-09-06,3.08,17261,USDPLN
2025-09-06,3.3,89307,GBPCHF
2025-09-06,4.13,21322,CHFPLN
2025-09-06,4.63,46838,PLNGBP
2025-09-06,2.41,61733,USDCHF
2025-09-07,4.27,70141,USDPLN
2025-09-07,3.31,27041,GBPCHF
2025-09-07,2.31,92054,CHFPLN
2025-09-07,3.21,55864,PLNGBP
2025-09-07,2.88,78790,USDCHF
2025-09-08,4.48,80909,USDPLN
2025-09-08,4.78,8239,GBPCHF
2025-09-08,4.56,28171,CHFPLN
2025-09-08,3.54,51356,PLNGBP
2025-09-08,2.92,53582,USDCHF
2025-09-09,4.6,85454,USDPLN
2025-09-09,2.75,14386,GBPCHF
2025-09-09,4.59,43860,CHFPLN
2025-09-09,4.26,90787,PLNGBP
2025-09-09,3.54,65560,USDCHF
2025-09-10,3.63,68844,USDPLN
2025-09-10,4.99,78444,GBPCHF
2025-09-10,3.73,42914,CHFPLN
2025-09-10,3.42,5838,PLNGBP
2025-09-10,3.65,64704,USDCHF
2025-09-11,3,56472,USDPLN
2025-09-11,2.77,73536,GBPCHF
2025-09-11,2.14,56044,CHFPLN
2025-09-11,3.24,87210,PLNGBP
2025-09-11,3.75,34710,USDCHF
2025-09-12,2.1,54390,USDPLN
2025-09-12,2.28,10354,GBPCHF
2025-09-12,3.99,91216,CHFPLN
2025-09-12,2.89,40561,PLNGBP
2025-09-12,3.47,74610,USDCHF
2025-09-13,4.34,60049,USDPLN
2025-09-13,2.55,17894,GBPCHF
2025-09-13,3.3,21739,CHFPLN
2025-09-13,4.9,80120,PLNGBP
2025-09-13,2.66,69416,USDCHF
2025-09-14,4.97,71291,USDPLN
2025-09-14,3.26,67311,GBPCHF
2025-09-14,2.55,42972,CHFPLN
2025-09-14,3.33,13832,PLNGBP
2025-09-14,2.19,39664,USDCHF
2025-09-15,2.02,29740,USDPLN
2025-09-15,3.75,55971,GBPCHF
2025-09-15,2.49,24365,CHFPLN
2025-09-15,2.96,41586,PLNGBP
2025-09-15,2.17,25625,USDCHF
2025-09-16,3.86,17603,USDPLN
2025-09-16,4.48,87686,GBPCHF
2025-09-16,2.85,72472,CHFPLN
2025-09-16,4.23,31129,PLNGBP
2025-09-16,2.28,79766,USDCHF
2025-09-17,2.4,23561,USDPLN
2025-09-17,4.37,32876,GBPCHF
2025-09-17,2.7,81226,CHFPLN
2025-09-17,4.58,5166,PLNGBP
2025-09-17,2.02,29576,USDCHF
2025-09-18,4.23,43616,USDPLN
2025-09-18,4.66,28192,GBPCHF
2025-09-18,3.94,51319,CHFPLN
2025-09-18,2.86,38564,PLNGBP
2025-09-18,4.34,95145,USDCHF
2025-09-19,4.69,25001,USDPLN
2025-09-19,2.36,21059,GBPCHF
2025-09-19,4.16,31768,CHFPLN
2025-09-19,3.69,54145,PLNGBP
2025-09-19,4.69,74732,USDCHF
2025-09-20,3.07,90275,USDPLN
2025-09-20,4.23,76067,GBPCHF
2025-09-20,3.24,57808,CHFPLN
2025-09-20,2.37,83560,PLNGBP
2025-09-20,3,51662,USDCHF
2025-09-21,3.43,83090,USDPLN
2025-09-21,2.7,63729,GBPCHF
2025-09-21,3.7,7802,CHFPLN
2025-09-21,3.03,98517,PLNGBP
2025-09-21,3.53,58180,USDCHF
2025-09-22,4.33,6903,USDPLN
2025-09-22,2.19,17165,GBPCHF
2025-09-22,2.41,66542,CHFPLN
2025-09-22,4.13,47904,PLNGBP
2025-09-22,2.07,62602,USDCHF
2025-09-23,4.33,22751,USDPLN
2025-09-23,2.61,18649,GBPCHF
2025-09-23,2.18,35982,CHFPLN
2025-09-23,3.07,11959,PLNGBP
2025-09-23,3.85,9248,USDCHF
2025-09-24,2.42,94506,USDPLN
2025-09-24,3.23,15713,GBPCHF
2025-09-24,2.36,11706,CHFPLN
2025-09-24,4.2,43646,PLNGBP
2025-09-24,2.11,22868,USDCHF
2025-09-25,2.25,27497,USDPLN
2025-09-25,4.87,47534,GBPCHF
2025-09-25,2.7,4661,CHFPLN
2025-09-25,2.65,48101,PLNGBP
2025-09-25,3.88,64213,USDCHF
2025-09-26,2.31,16658,USDPLN
2025-09-26,4.12,85076,GBPCHF
2025-09-26,3.29,92759,CHFPLN
2025-09-26,3.31,95356,PLNGBP
2025-09-26,4.17,44403,USDCHF
2025-09-27,4.8,14011,USDPLN
2025-09-27,2.43,50793,GBPCHF
2025-09-27,4.28,73773,CHFPLN
2025-09-27,2.36,60644,PLNGBP
2025-09-27,3.41,49771,USDCHF
2025-09-28,4.91,94283,USDPLN
2025-09-28,4.78,73573,GBPCHF
2025-09-28,4.1,59069,CHFPLN
2025-09-28,4.98,11268,PLNGBP
2025-09-28,3.98,29429,USDCHF
2025-09-29,3.72,86268,USDPLN
2025-09-29,4.15,38163,GBPCHF
2025-09-29,4.04,86730,CHFPLN
2025-09-29,3.82,72514,PLNGBP
2025-09-29,2.27,5751,USDCHF
2025-09-30,4.12,15648,USDPLN
2025-09-30,3.14,30343,GBPCHF
2025-09-30,4.29,89935,CHFPLN
2025-09-30,3.07,58482,PLNGBP
2025-09-30,4.69,9936,USDCHF
2025-10-01,2.74,39444,USDPLN
2025-10-01,4.51,66366,GBPCHF
2025-10-01,4.8,31750,CHFPLN
2025-10-01,3.79,67433,PLNGBP
2025-10-01,2.97,33590,USDCHF
2025-10-02,3.32,74046,USDPLN
2025-10-02,4.72,92454,GBPCHF
2025-10-02,4.07,62383,CHFPLN
2025-10-02,2.17,26931,PLNGBP
2025-10-02,3.95,88142,USDCHF
2025-10-03,3.27,25498,USDPLN
2025-10-03,4.94,65230,GBPCHF
2025-10-03,4.81,37921,CHFPLN
2025-10-03,2.15,80356,PLNGBP
2025-10-03,2.07,66500,USDCHF
2025-10-04,4,12155,USDPLN
2025-10-04,3.26,72222,GBPCHF
2025-10-04,4.6,50368,CHFPLN
2025-10-04,3.06,89473,PLNGBP
2025-10-04,4.62,3759,USDCHF
2025-10-05,3.36,69277,USDPLN
2025-10-05,4.09,71734,GBPCHF
2025-10-05,4.01,45881,CHFPLN
2025-10-05,4.65,63691,PLNGBP
2025-10-05,2.19,52478,USDCHF
2025-10-06,3.63,74250,USDPLN
2025-10-06,4.54,61891,GBPCHF
2025-10-06,4.46,17054,CHFPLN
2025-10-06,2.27,41500,PLNGBP
2025-10-06,3.72,80683,USDCHF
2025-10-07,3.71,52681,USDPLN
2025-10-07,3.05,44901,GBPCHF
2025-10-07,4.66,65642,CHFPLN
2025-10-07,3.21,42913,PLNGBP
2025-10-07,4.69,2322,USDCHF
2025-10-08,2.33,18944,USDPLN
2025-10-08,3.14,31955,GBPCHF
2025-10-08,4.77,8856,CHFPLN
2025-10-08,3.39,56350,PLNGBP
2025-10-08,3.99,90421,USDCHF
2025-10-09,2.5,30042,USDPLN
2025-10-09,2.34,9033,GBPCHF
2025-10-09,3.02,31806,CHFPLN
2025-10-09,3.48,76646,PLNGBP
2025-10-09,3.38,61525,USDCHF
2025-10-10,4.57,73047,USDPLN
2025-10-10,2.31,99310,GBPCHF
2025-10-10,4.9,21457,CHFPLN
2025-10-10,2.82,52474,PLNGBP
2025-10-10,4.47,7985,USDCHF
2025-10-11,4.51,14934,USDPLN
2025-10-11,2.71,85958,GBPCHF
2025-10-11,4.87,31803,CHFPLN
2025-10-11,4.82,25774,PLNGBP
2025-10-11,4.12,34516,USDCHF
2025-10-12,2.94,36924,USDPLN
2025-10-12,4.54,64029,GBPCHF
2025-10-12,2.54,39170,CHFPLN
2025-10-12,4.58,64423,PLNGBP
2025-10-12,4.57,53899,USDCHF
2025-10-13,2.69,93411,USDPLN
2025-10-13,2.24,91661,GBPCHF
2025-10-13,3.32,64496,CHFPLN
2025-10-13,4.22,13383,PLNGBP
2025-10-13,4.07,21510,USDCHF
2025-10-14,3.6,20113,USDPLN
2025-10-14,3.65,98233,GBPCHF
2025-10-14,4.35,1891,CHFPLN
2025-10-14,3.11,95356,PLNGBP
2025-10-14,3.95,58919,USDCHF
2025-10-15,2.07,4227,USDPLN
2025-10-15,3.27,38012,GBPCHF
2025-10-15,3.45,24340,CHFPLN
2025-10-15,4.68,44855,PLNGBP
2025-10-15,4.63,22332,USDCHF
2025-10-16,4.48,13621,USDPLN
2025-10-16,3.12,37083,GBPCHF
2025-10-16,2.13,72894,CHFPLN
2025-10-16,4.39,28951,PLNGBP
2025-10-16,4.27,66410,USDCHF
2025-10-17,2.35,99972,USDPLN
2025-10-17,2.35,49877,GBPCHF
2025-10-17,2.55,40919,CHFPLN
2025-10-17,4.82,19720,PLNGBP
2025-10-17,3.56,37437,USDCHF
2025-10-18,3,79535,USDPLN
2025-10-18,4.46,36258,GBPCHF
2025-10-18,4.07,63482,CHFPLN
2025-10-18,4.51,88923,PLNGBP
2025-10-18,4.8,68833,USDCHF
2025-10-19,3.6,65469,USDPLN
2025-10-19,2.77,30151,GBPCHF
2025-10-19,2.7,77054,CHFPLN
2025-10-19,3.87,5829,PLNGBP
2025-10-19,3.58,25153,USDCHF
2025-10-20,4.99,23492,USDPLN
2025-10-20,3.97,54437,GBPCHF
2025-10-20,3.54,66841,CHFPLN
2025-10-20,4.85,46539,PLNGBP
2025-10-20,3.7,62152,USDCHF
2025-10-21,2.41,6851,USDPLN
2025-10-21,3,19444,GBPCHF
2025-10-21,2.21,54767,CHFPLN
2025-10-21,4.6,86375,PLNGBP
2025-10-21,4.64,8584,USDCHF
2025-10-22,3.85,6961,USDPLN
2025-10-22,2.68,18651,GBPCHF
2025-10-22,2.59,2109,CHFPLN
2025-10-22,2.46,78338,PLNGBP
2025-10-22,3.42,45595,USDCHF
2025-10-23,2.62,29313,USDPLN
2025-10-23,2.55,39312,GBPCHF
2025-10-23,4.63,21250,CHFPLN
2025-10-23,4.9,70131,PLNGBP
2025-10-23,4.79,98066,USDCHF
2025-10-24,4.53,54827,USDPLN
2025-10-24,4.37,86099,GBPCHF
2025-10-24,3.94,90392,CHFPLN
2025-10-24,4.27,22501,PLNGBP
2025-10-24,4.9,35472,USDCHF
2025-10-25,3.65,8057,USDPLN
2025-10-25,3.58,93236,GBPCHF
2025-10-25,2.23,27450,CHFPLN
2025-10-25,4.82,54829,PLNGBP
2025-10-25,3.32,12346,USDCHF
2025-10-26,3.41,33783,USDPLN
2025-10-26,3.81,77508,GBPCHF
2025-10-26,3.28,37229,CHFPLN
2025-10-26,4.37,10006,PLNGBP
2025-10-26,3.42,52526,USDCHF
2025-10-27,4.31,6001,USDPLN
2025-10-27,4.55,52224,GBPCHF
2025-10-27,2.94,8389,CHFPLN
2025-10-27,3.46,44525,PLNGBP
2025-10-27,2.48,35685,USDCHF
2025-10-28,3.38,25022,USDPLN
2025-10-28,3.75,68647,GBPCHF
2025-10-28,4.06,86122,CHFPLN
2025-10-28,2.72,41764,PLNGBP
2025-10-28,2.8,17323,USDCHF
2025-10-29,3.32,28308,USDPLN
2025-10-29,3.61,29483,GBPCHF
2025-10-29,4.48,14372,CHFPLN
2025-10-29,2.05,95341,PLNGBP
2025-10-29,3.77,49076,USDCHF
2025-10-30,4.76,62892,USDPLN
2025-10-30,3.4,21128,GBPCHF
2025-10-30,2.25,38991,CHFPLN
2025-10-30,4.39,41904,PLNGBP
2025-10-30,3.75,32874,USDCHF
2025-10-31,2.4,20026,USDPLN
2025-10-31,2.5,34082,GBPCHF
2025-10-31,2.19,94492,CHFPLN
2025-10-31,4.08,98214,PLNGBP
2025-10-31,3.11,49478,USDCHF
2025-11-01,2.9,67396,USDPLN
2025-11-01,3.31,93355,GBPCHF
2025-11-01,2.39,70596,CHFPLN
2025-11-01,2.31,81262,PLNGBP
2025-11-01,3.51,60214,USDCHF
2025-11-02,3.88,53791,USDPLN
2025-11-02,2.53,9387,GBPCHF
2025-11-02,2.98,15527,CHFPLN
2025-11-02,3.55,11951,PLNGBP
2025-11-02,4.46,56238,USDCHF
2025-11-03,3.69,64219,USDPLN
2025-11-03,3.54,67035,GBPCHF
2025-11-03,2.91,18717,CHFPLN
2025-11-03,3.84,74497,PLNGBP
2025-11-03,3.38,47634,USDCHF
2025-11-04,2.88,39219,USDPLN
2025-11-04,2.35,24416,GBPCHF
2025-11-04,4.04,37481,CHFPLN
2025-11-04,3.97,10088,PLNGBP
2025-11-04,2.48,22038,USDCHF
2025-11-05,3.21,86024,USDPLN
2025-11-05,4.16,12912,GBPCHF
2025-11-05,4.66,81103,CHFPLN
2025-11-05,4.84,13678,PLNGBP
2025-11-05,4.65,78185,USDCHF
2025-11-06,3.42,36818,USDPLN
2025-11-06,3.61,50567,GBPCHF
2025-11-06,4.89,75269,CHFPLN
2025-11-06,4.28,54438,PLNGBP
2025-11-06,2.63,93024,USDCHF
2025-11-07,2.33,25277,USDPLN
2025-11-07,3.19,52835,GBPCHF
2025-11-07,4.73,12755,CHFPLN
2025-11-07,4.32,55029,PLNGBP
2025-11-07,2.5,30423,USDCHF
2025-11-08,2.04,29438,USDPLN
2025-11-08,2.62,84922,GBPCHF
2025-11-08,2.93,7559,CHFPLN
2025-11-08,2.11,37714,PLNGBP
2025-11-08,4.32,90141,USDCHF
2025-11-09,4.93,33079,USDPLN
2025-11-09,4.54,47426,GBPCHF
2025-11-09,2.94,12231,CHFPLN
2025-11-09,2.24,41448,PLNGBP
2025-11-09,2.17,41575,USDCHF
2025-11-10,2.22,94461,USDPLN
2025-11-10,4.41,66560,GBPCHF
2025-11-10,4.59,47454,CHFPLN
2025-11-10,3.44,21796,PLNGBP
2025-11-10,3.94,2957,USDCHF
2025-11-11,4.65,39880,USDPLN
2025-11-11,2.3,48129,GBPCHF
2025-11-11,4.3,35694,CHFPLN
2025-11-11,3.54,78936,PLNGBP
2025-11-11,4.25,60449,USDCHF
2025-11-12,2,14597,USDPLN
2025-11-12,4.57,51904,GBPCHF
2025-11-12,4.71,83454,CHFPLN
2025-11-12,4.18,58725,PLNGBP
2025-11-12,3.68,47902,USDCHF
2025-11-13,3.92,83638,USDPLN
2025-11-13,4.03,27290,GBPCHF
2025-11-13,2.22,55777,CHFPLN
2025-11-13,3.44,70636,PLNGBP
2025-11-13,2.34,88045,USDCHF
2025-11-14,4.03,39899,USDPLN
2025-11-14,4.9,73440,GBPCHF
2025-11-14,4.09,92964,CHFPLN
2025-11-14,4.14,46608,PLNGBP
2025-11-14,2.14,89869,USDCHF
2025-11-15,3.34,50511,USDPLN
2025-11-15,2.86,35462,GBPCHF
2025-11-15,3.5,31361,CHFPLN
2025-11-15,4.09,69297,PLNGBP
2025-11-15,2.21,96587,USDCHF
2025-11-16,3.98,81925,USDPLN
2025-11-16,2.39,75670,GBPCHF
2025-11-16,3.26,86436,CHFPLN
2025-11-16,3.93,30897,PLNGBP
2025-11-16,3.63,5083,USDCHF
2025-11-17,3.02,84361,USDPLN
2025-11-17,3.76,23271,GBPCHF
2025-11-17,2.92,78008,CHFPLN
2025-11-17,2.03,30150,PLNGBP
2025-11-17,2.6,28853,USDCHF
2025-11-18,2.45,84903,USDPLN
2025-11-18,3.56,8508,GBPCHF
2025-11-18,2.61,23519,CHFPLN
2025-11-18,4.72,4902,PLNGBP
2025-11-18,3.75,54129,USDCHF
2025-11-19,3.54,22759,USDPLN
2025-11-19,3.4,99992,GBPCHF
2025-11-19,3.1,4672,CHFPLN
2025-11-19,4.2,45901,PLNGBP
2025-11-19,4.4,95592,USDCHF
2025-11-20,2.47,47316,USDPLN
2025-11-20,2.94,17368,GBPCHF
2025-11-20,4.64,53401,CHFPLN
2025-11-20,2.82,94919,PLNGBP
2025-11-20,3.03,56272,USDCHF
2025-11-21,3.14,2779,USDPLN
2025-11-21,2.43,99685,GBPCHF
2025-11-21,4.7,60775,CHFPLN
2025-11-21,2.17,55592,PLNGBP
2025-11-21,3.58,92169,USDCHF
2025-11-22,3.3,36554,USDPLN
2025-11-22,3.63,86536,GBPCHF
2025-11-22,4.94,87053,CHFPLN
2025-11-22,2.56,17133,PLNGBP
2025-11-22,3.49,76155,USDCHF
2025-11-23,2.2,66855,USDPLN
2025-11-23,2.52,44010,GBPCHF
2025-11-23,3.47,69855,CHFPLN
2025-11-23,4.72,61447,PLNGBP
2025-11-23,3.16,97738,USDCHF
2025-11-24,3.42,75618,USDPLN
2025-11-24,4.98,18886,GBPCHF
2025-11-24,4.01,46546,CHFPLN
2025-11-24,4.13,44088,PLNGBP
2025-11-24,4.75,46386,USDCHF
2025-11-25,2.78,77001,USDPLN
2025-11-25,2.4,83152,GBPCHF
2025-11-25,3.42,27480,CHFPLN
2025-11-25,2.31,80800,PLNGBP
2025-11-25,3.86,55761,USDCHF
2025-11-26,2.71,38328,USDPLN
2025-11-26,3.63,41045,GBPCHF
2025-11-26,2.5,24478,CHFPLN
2025-11-26,2.49,53640,PLNGBP
2025-11-26,4.68,13340,USDCHF
2025-11-27,3.95,33954,USDPLN
2025-11-27,2.93,10053,GBPCHF
2025-11-27,3.51,41555,CHFPLN
2025-11-27,3.4,44874,PLNGBP
2025-11-27,2.31,38624,USDCHF
2025-11-28,2.22,61562,USDPLN
2025-11-28,3.89,67045,GBPCHF
2025-11-28,2.69,70130,CHFPLN
2025-11-28,4.88,74644,PLNGBP
2025-11-28,4.8,61194,USDCHF
2025-11-29,3.17,68835,USDPLN
2025-11-29,3.45,46317,GBPCHF
2025-11-29,4.07,46575,CHFPLN
2025-11-29,2.91,47955,PLNGBP
2025-11-29,4.16,48114,USDCHF
2025-11-30,2.63,95592,USDPLN
2025-11-30,4.96,42111,GBPCHF
2025-11-30,3.42,90691,CHFPLN
2025-11-30,3.43,37152,PLNGBP
2025-11-30,2.44,36690,USDCHF
2025-12-01,4.93,47057,USDPLN
2025-12-01,3.19,6402,GBPCHF
2025-12-01,4.41,59762,CHFPLN
2025-12-01,4.46,32979,PLNGBP
2025-12-01,2.27,3751,USDCHF
2025-12-02,4.2,18091,USDPLN
2025-12-02,4.5,91751,GBPCHF
2025-12-02,3.95,66773,CHFPLN
2025-12-02,4.2,17568,PLNGBP
2025-12-02,4.89,36265,USDCHF
2025-12-03,3.64,29853,USDPLN
2025-12-03,4.16,16748,GBPCHF
2025-12-03,3.19,39041,CHFPLN
2025-12-03,4.55,23197,PLNGBP
2025-12-03,4.77,76216,USDCHF
2025-12-04,4.58,59768,USDPLN
2025-12-04,4.85,11082,GBPCHF
2025-12-04,2.95,89493,CHFPLN
2025-12-04,4.08,90825,PLNGBP
2025-12-04,3.18,84185,USDCHF
2025-12-05,2.26,62943,USDPLN
2025-12-05,4.93,87439,GBPCHF
2025-12-05,4.23,95373,CHFPLN
2025-12-05,2.21,27621,PLNGBP
2025-12-05,2.99,53224,USDCHF
2025-12-06,4.99,57463,USDPLN
2025-12-06,2.41,17055,GBPCHF
2025-12-06,2.57,58284,CHFPLN
2025-12-06,4.87,89389,PLNGBP
2025-12-06,2.26,31660,USDCHF
2025-12-07,3.82,19000,USDPLN
2025-12-07,2.12,64973,GBPCHF
2025-12-07,3.55,2106,CHFPLN
2025-12-07,2.76,52439,PLNGBP
2025-12-07,4.78,28166,USDCHF
2025-12-08,3.69,39032,USDPLN
2025-12-08,3.51,95813,GBPCHF
2025-12-08,4.41,94023,CHFPLN
2025-12-08,3.21,43777,PLNGBP
2025-12-08,2.91,12085,USDCHF
2025-12-09,4.37,84572,USDPLN
2025-12-09,3.1,62970,GBPCHF
2025-12-09,3.49,43233,CHFPLN
2025-12-09,4.67,61687,PLNGBP
2025-12-09,3.68,94680,USDCHF
2025-12-10,3.28,16388,USDPLN
2025-12-10,4.31,37594,GBPCHF
2025-12-10,2.14,60426,CHFPLN
2025-12-10,3.54,91721,PLNGBP
2025-12-10,4.57,17501,USDCHF
2025-12-11,4.46,85090,USDPLN
2025-12-11,4.04,6076,GBPCHF
2025-12-11,4.31,82448,CHFPLN
2025-12-11,3.4,91610,PLNGBP
2025-12-11,2.63,56474,USDCHF
2025-12-12,3.86,33390,USDPLN
2025-12-12,3.83,93516,GBPCHF
2025-12-12,3.66,28136,CHFPLN
2025-12-12,4.73,82138,PLNGBP
2025-12-12,4.16,22693,USDCHF
2025-12-13,4.39,15797,USDPLN
2025-12-13,3.27,80190,GBPCHF
2025-12-13,3.69,82600,CHFPLN
2025-12-13,3.39,11918,PLNGBP
2025-12-13,4.06,91140,USDCHF
2025-12-14,2.52,56124,USDPLN
2025-12-14,3.3,90253,GBPCHF
2025-12-14,2.55,20636,CHFPLN
2025-12-14,4.71,19866,PLNGBP
2025-12-14,4.67,79221,USDCHF
2025-12-15,4.9,17687,USDPLN
2025-12-15,2.19,18996,GBPCHF
2025-12-15,4.5,54671,CHFPLN
2025-12-15,2.87,83302,PLNGBP
2025-12-15,3.63,10461,USDCHF
2025-12-16,3.82,17351,USDPLN
2025-12-16,2.06,71656,GBPCHF
2025-12-16,3.12,87411,CHFPLN
2025-12-16,4.39,34518,PLNGBP
2025-12-16,2.84,6317,USDCHF
2025-12-17,2.47,33646,USDPLN
2025-12-17,3.23,12779,GBPCHF
2025-12-17,3.37,27067,CHFPLN
2025-12-17,2.26,98255,PLNGBP
2025-12-17,2.34,69069,USDCHF
2025-12-18,3.44,63007,USDPLN
2025-12-18,2.55,64078,GBPCHF
2025-12-18,4.87,76366,CHFPLN
2025-12-18,2.49,76661,PLNGBP
2025-12-18,3.48,63620,USDCHF
2025-12-19,4.61,75652,USDPLN
2025-12-19,2.61,69591,GBPCHF
2025-12-19,4.84,8800,CHFPLN
2025-12-19,3.4,23727,PLNGBP
2025-12-19,4.56,78966,USDCHF
2025-12-20,4.15,72874,USDPLN
2025-12-20,2.39,76692,GBPCHF
2025-12-20,4.15,44140,CHFPLN
2025-12-20,4.91,53261,PLNGBP
2025-12-20,3.26,7104,USDCHF
2025-12-21,3.98,37908,USDPLN
2025-12-21,3.14,85292,GBPCHF
2025-12-21,2.87,43201,CHFPLN
2025-12-21,4.47,61911,PLNGBP
2025-12-21,4.35,9761,USDCHF
2025-12-22,2.57,35272,USDPLN
2025-12-22,3.54,74574,GBPCHF
2025-12-22,3.96,56461,CHFPLN
2025-12-22,4.37,18456,PLNGBP
2025-12-22,2.69,44757,USDCHF
2025-12-23,4.13,85682,USDPLN
2025-12-23,4.06,52730,GBPCHF
2025-12-23,3.51,10770,CHFPLN
2025-12-23,2.94,42120,PLNGBP
2025-12-23,3.95,47221,USDCHF
2025-12-24,3.4,17232,USDPLN
2025-12-24,4.7,30207,GBPCHF
2025-12-24,3.13,67202,CHFPLN
2025-12-24,3.38,69470,PLNGBP
2025-12-24,3.82,56703,USDCHF
2025-12-25,2.6,86077,USDPLN
2025-12-25,3.56,88123,GBPCHF
2025-12-25,3.99,9423,CHFPLN
2025-12-25,2.91,36161,PLNGBP
2025-12-25,2.76,20161,USDCHF
2025-12-26,4.1,58225,USDPLN
2025-12-26,4.18,92486,GBPCHF
2025-12-26,3.44,43443,CHFPLN
2025-12-26,4.52,32493,PLNGBP
2025-12-26,4.35,4993,USDCHF
2025-12-27,2.2,35440,USDPLN
2025-12-27,3.03,33647,GBPCHF
2025-12-27,2.77,34000,CHFPLN
2025-12-27,3.43,62880,PLNGBP
2025-12-27,4.94,7071,USDCHF
2025-12-28,4.92,16555,USDPLN
2025-12-28,4.63,33975,GBPCHF
2025-12-28,3.64,61256,CHFPLN
2025-12-28,2.16,62792,PLNGBP
2025-12-28,3.75,63427,USDCHF
2025-12-29,4.15,89059,USDPLN
2025-12-29,4.86,26450,GBPCHF
2025-12-29,4.52,76082,CHFPLN
2025-12-29,2.76,66134,PLNGBP
2025-12-29,4.4,26841,USDCHF
2025-12-30,4.93,41301,USDPLN
2025-12-30,2.08,73649,GBPCHF
2025-12-30,3.61,40345,CHFPLN
2025-12-30,3.11,96895,PLNGBP
2025-12-30,4.28,45882,USDCHF
2025-12-31,4.56,25449,USDPLN
2025-12-31,4.79,21087,GBPCHF
2025-12-31,4.77,11603,CHFPLN
2025-12-31,2.01,19685,PLNGBP
2025-12-31,4.38,68696,USDCHF
